Title,Price,Brand,URL
"Voltas beko 8 Place Settings Table Top Dishwasher (2020/2021, DT8S, Silver, Inbuilt Heater)",N/A,Voltas Beko,https://amazon.in/Voltas-Beko-Settings-Dishwasher-DT8S/dp/B07NF7NHSN/ref=sr_1_7?crid=1K49P42QD14P0&dib=eyJ2IjoiMSJ9.jvAl-YOOvwHoSZ627HcisyrHYXubgDrFpw4YskJot83lr8wxX-Tj1yh5cdQgStR_9FTdzDVjPWqH7zGJiyF-pQv-M4VMo_NVJNe7JDvrBrUaRGbILy8bl7Fyw7mTB0f0hdWe61sEFX8uirQd4du6Gl8kYclTTPZWtLHwBZlabPToIeYBRqxswtZ3OsPLO4Cs823ADISsHcdFfEUdGA_yAjUhqorQQskRPqH3mzmcOZI.i4FP6apWuTUQDzbHGv9ePnmeeABNuTZsrL8RLEE5Ctw&dib_tag=se&keywords=dishwasher&qid=1753691659&sprefix=%2Caps%2C924&sr=8-7
"MIDEA 13 Place Setting Freestanding Dishwasher (WQP12-5201F, Silver,7 wash program, Child Lock, Extra Dry & Intensive 70 degree wash, A++ Energy Efficient, Delay Timer, Half Load, Adjustable Basket)","₹18,990.00",Midea,https://amazon.in/Midea-Setting-Standard-Dishwasher-WQP12-5201F/dp/B08WSP52ZL/ref=sr_1_8?crid=1K49P42QD14P0&dib=eyJ2IjoiMSJ9.jvAl-YOOvwHoSZ627HcisyrHYXubgDrFpw4YskJot83lr8wxX-Tj1yh5cdQgStR_9FTdzDVjPWqH7zGJiyF-pQv-M4VMo_NVJNe7JDvrBrUaRGbILy8bl7Fyw7mTB0f0hdWe61sEFX8uirQd4du6Gl8kYclTTPZWtLHwBZlabPToIeYBRqxswtZ3OsPLO4Cs823ADISsHcdFfEUdGA_yAjUhqorQQskRPqH3mzmcOZI.i4FP6apWuTUQDzbHGv9ePnmeeABNuTZsrL8RLEE5Ctw&dib_tag=se&keywords=dishwasher&qid=1753691659&sprefix=%2Caps%2C924&sr=8-8
"MIDEA 8 Place Setting Countertop Dishwasher (MDWTT0802D(B) IN, Black, 6 wash programs, Portable, anti-bacterial filter & Intensive 70 degree wash for Ultra Hygiene, 24 Hour Delay Timer)","₹14,990.00",Midea,https://amazon.in/Countertop-Dishwasher-MDWTT0802D-anti-bacterial-Intensive/dp/B0DSC7JW1V/ref=sr_1_9?crid=1K49P42QD14P0&dib=eyJ2IjoiMSJ9.jvAl-YOOvwHoSZ627HcisyrHYXubgDrFpw4YskJot83lr8wxX-Tj1yh5cdQgStR_9FTdzDVjPWqH7zGJiyF-pQv-M4VMo_NVJNe7JDvrBrUaRGbILy8bl7Fyw7mTB0f0hdWe61sEFX8uirQd4du6Gl8kYclTTPZWtLHwBZlabPToIeYBRqxswtZ3OsPLO4Cs823ADISsHcdFfEUdGA_yAjUhqorQQskRPqH3mzmcOZI.i4FP6apWuTUQDzbHGv9ePnmeeABNuTZsrL8RLEE5Ctw&dib_tag=se&keywords=dishwasher&qid=1753691659&sprefix=%2Caps%2C924&sr=8-9
"Bosch 13 Place Setting, EcoSilence Drive, Rackmatic 3 stage, Free Standing Dishwasher, World No.1 Brand in Dishwasher (SMS46KI03I, Silver Inox, Inbuilt heater)","₹57,500.00",Bosch,https://amazon.in/Bosch-Settings-Dishwasher-SMS46KI03I-Silver/dp/B08BCQ5W9M/ref=sr_1_10?crid=1K49P42QD14P0&dib=eyJ2IjoiMSJ9.jvAl-YOOvwHoSZ627HcisyrHYXubgDrFpw4YskJot83lr8wxX-Tj1yh5cdQgStR_9FTdzDVjPWqH7zGJiyF-pQv-M4VMo_NVJNe7JDvrBrUaRGbILy8bl7Fyw7mTB0f0hdWe61sEFX8uirQd4du6Gl8kYclTTPZWtLHwBZlabPToIeYBRqxswtZ3OsPLO4Cs823ADISsHcdFfEUdGA_yAjUhqorQQskRPqH3mzmcOZI.i4FP6apWuTUQDzbHGv9ePnmeeABNuTZsrL8RLEE5Ctw&dib_tag=se&keywords=dishwasher&qid=1753691659&sprefix=%2Caps%2C924&sr=8-10
"Faber 12 Place Settings Free Standing Dishwasher | 6 Wash Programs | LED Display | Power Wash | Adjustable Racks, Salt & Rinse Aid Indicators | 5Yr Rust-Through Protection | FFSD 6PR 12S Neo Black","₹29,190.00",Faber,https://amazon.in/sspa/click?ie=UTF8&spc=MTo3MzY2NTMzMTkyMTc5NTkxOjE3NTM2OTE2NTk6c3BfbXRmOjIwMDQ1MjAxMzI3OTk4OjowOjo&url=%2FFaber-FFSD-6PR-12S-Black%2Fdp%2FB08HW2LQXP%2Fref%3Dsr_1_11_sspa%3Fcrid%3D1K49P42QD14P0%26dib%3DeyJ2IjoiMSJ9.jvAl-YOOvwHoSZ627HcisyrHYXubgDrFpw4YskJot83lr8wxX-Tj1yh5cdQgStR_9FTdzDVjPWqH7zGJiyF-pQv-M4VMo_NVJNe7JDvrBrUaRGbILy8bl7Fyw7mTB0f0hdWe61sEFX8uirQd4du6Gl8kYclTTPZWtLHwBZlabPToIeYBRqxswtZ3OsPLO4Cs823ADISsHcdFfEUdGA_yAjUhqorQQskRPqH3mzmcOZI.i4FP6apWuTUQDzbHGv9ePnmeeABNuTZsrL8RLEE5Ctw%26dib_tag%3Dse%26keywords%3Ddishwasher%26qid%3D1753691659%26sprefix%3D%252Caps%252C924%26sr%3D8-11-spons%26sp_csd%3Dd2lkZ2V0TmFtZT1zcF9tdGY%26psc%3D1&sp_cr=ZAZ
"IFB 15 Place Settings with DeepClean® Technology Freestanding Dishwasher (Neptune VX15, Dark Silver, 70° Hot Water Wash with Hygienic Steam Drying, Perfect for Indian Utensils)","₹46,490.00",IFB,https://amazon.in/sspa/click?ie=UTF8&spc=MTo3MzY2NTMzMTkyMTc5NTkxOjE3NTM2OTE2NTk6c3BfbXRmOjMwMDUwMjA2NjMwMDkzMjo6MDo6&url=%2FIFB-DeepClean%25C2%25AE-Freestanding-Neptune-VX15%2Fdp%2FB0DWXFB3Y4%2Fref%3Dsr_1_12_sspa%3Fcrid%3D1K49P42QD14P0%26dib%3DeyJ2IjoiMSJ9.jvAl-YOOvwHoSZ627HcisyrHYXubgDrFpw4YskJot83lr8wxX-Tj1yh5cdQgStR_9FTdzDVjPWqH7zGJiyF-pQv-M4VMo_NVJNe7JDvrBrUaRGbILy8bl7Fyw7mTB0f0hdWe61sEFX8uirQd4du6Gl8kYclTTPZWtLHwBZlabPToIeYBRqxswtZ3OsPLO4Cs823ADISsHcdFfEUdGA_yAjUhqorQQskRPqH3mzmcOZI.i4FP6apWuTUQDzbHGv9ePnmeeABNuTZsrL8RLEE5Ctw%26dib_tag%3Dse%26keywords%3Ddishwasher%26qid%3D1753691659%26sprefix%3D%252Caps%252C924%26sr%3D8-12-spons%26sp_csd%3Dd2lkZ2V0TmFtZT1zcF9tdGY%26psc%3D1&sp_cr=ZAZ
Faber 8 Place Dishwasher | 6 Wash Programs |Adjustable Upper Rack & Cutlery Tray | 8L Water/Cycle | Suitable for Oil & Masala Stains | 2Yr Warranty & 5Yr On Cavity | FFSD 6PR 8S Ace,"₹25,490.00",Faber,https://amazon.in/Faber-FFSD-6PR-Ace-Black/dp/B08T1N76SS/ref=sr_1_13?crid=1K49P42QD14P0&dib=eyJ2IjoiMSJ9.jvAl-YOOvwHoSZ627HcisyrHYXubgDrFpw4YskJot83lr8wxX-Tj1yh5cdQgStR_9FTdzDVjPWqH7zGJiyF-pQv-M4VMo_NVJNe7JDvrBrUaRGbILy8bl7Fyw7mTB0f0hdWe61sEFX8uirQd4du6Gl8kYclTTPZWtLHwBZlabPToIeYBRqxswtZ3OsPLO4Cs823ADISsHcdFfEUdGA_yAjUhqorQQskRPqH3mzmcOZI.i4FP6apWuTUQDzbHGv9ePnmeeABNuTZsrL8RLEE5Ctw&dib_tag=se&keywords=dishwasher&qid=1753691659&sprefix=%2Caps%2C924&sr=8-13
Fortune Dishwasher Detergent Bar 1 Kg - Compatible with All Dishwasher Brands,₹258.00,Fortune,https://amazon.in/Fortune-Dishwasher-Detergent-1-kg/dp/B00SL32GVY/ref=sr_1_14?crid=1K49P42QD14P0&dib=eyJ2IjoiMSJ9.jvAl-YOOvwHoSZ627HcisyrHYXubgDrFpw4YskJot83lr8wxX-Tj1yh5cdQgStR_9FTdzDVjPWqH7zGJiyF-pQv-M4VMo_NVJNe7JDvrBrUaRGbILy8bl7Fyw7mTB0f0hdWe61sEFX8uirQd4du6Gl8kYclTTPZWtLHwBZlabPToIeYBRqxswtZ3OsPLO4Cs823ADISsHcdFfEUdGA_yAjUhqorQQskRPqH3mzmcOZI.i4FP6apWuTUQDzbHGv9ePnmeeABNuTZsrL8RLEE5Ctw&dib_tag=se&keywords=dishwasher&qid=1753691659&sprefix=%2Caps%2C924&sr=8-14
"Finish 24 Tablets, Powerball All in 1 Max Dishwasher Tablets | World's #1 Recommended Dishwashing Brand",₹597.00,Finish,https://amazon.in/Finish-Dishwasher-All-Max-Powerball/dp/B0727RZQT6/ref=sr_1_15_f3_0o_fs_mod_primary_alm?crid=1K49P42QD14P0&dib=eyJ2IjoiMSJ9.jvAl-YOOvwHoSZ627HcisyrHYXubgDrFpw4YskJot83lr8wxX-Tj1yh5cdQgStR_9FTdzDVjPWqH7zGJiyF-pQv-M4VMo_NVJNe7JDvrBrUaRGbILy8bl7Fyw7mTB0f0hdWe61sEFX8uirQd4du6Gl8kYclTTPZWtLHwBZlabPToIeYBRqxswtZ3OsPLO4Cs823ADISsHcdFfEUdGA_yAjUhqorQQskRPqH3mzmcOZI.i4FP6apWuTUQDzbHGv9ePnmeeABNuTZsrL8RLEE5Ctw&dib_tag=se&keywords=dishwasher&qid=1753691659&sbo=m6DjfpMzMLDmL8pSMKX8hw%3D%3D&sprefix=%2Caps%2C924&sr=8-15
Finish Dishwasher Salt - 2 kg,₹328.00,Finish,https://amazon.in/Finish-Power-Action-Dishwasher-Salt/dp/B00HJ2FPYS/ref=sr_1_16_mod_primary_new?crid=1K49P42QD14P0&dib=eyJ2IjoiMSJ9.jvAl-YOOvwHoSZ627HcisyrHYXubgDrFpw4YskJot83lr8wxX-Tj1yh5cdQgStR_9FTdzDVjPWqH7zGJiyF-pQv-M4VMo_NVJNe7JDvrBrUaRGbILy8bl7Fyw7mTB0f0hdWe61sEFX8uirQd4du6Gl8kYclTTPZWtLHwBZlabPToIeYBRqxswtZ3OsPLO4Cs823ADISsHcdFfEUdGA_yAjUhqorQQskRPqH3mzmcOZI.i4FP6apWuTUQDzbHGv9ePnmeeABNuTZsrL8RLEE5Ctw&dib_tag=se&keywords=dishwasher&qid=1753691659&sbo=RZvfv%2F%2FHxDF%2BO5021pAnSA%3D%3D&sprefix=%2Caps%2C924&sr=8-16
"FORTUNE DISHWASHER STARTER COMBO - Dishwasher Detergent 1kg (Pack of 1), Salt 1kg (Pack of 1) & Rinse Aid 500ml (Pack of 1)",₹590.00,Fortune,https://amazon.in/Fortune-Combo-Pack-Dishwasher-Starter/dp/B00SBMHYKS/ref=sr_1_17?crid=1K49P42QD14P0&dib=eyJ2IjoiMSJ9.jvAl-YOOvwHoSZ627HcisyrHYXubgDrFpw4YskJot83lr8wxX-Tj1yh5cdQgStR_9FTdzDVjPWqH7zGJiyF-pQv-M4VMo_NVJNe7JDvrBrUaRGbILy8bl7Fyw7mTB0f0hdWe61sEFX8uirQd4du6Gl8kYclTTPZWtLHwBZlabPToIeYBRqxswtZ3OsPLO4Cs823ADISsHcdFfEUdGA_yAjUhqorQQskRPqH3mzmcOZI.i4FP6apWuTUQDzbHGv9ePnmeeABNuTZsrL8RLEE5Ctw&dib_tag=se&keywords=dishwasher&qid=1753691659&sprefix=%2Caps%2C924&sr=8-17
"IFB 14 Place Settings with DeepClean® Technology Freestanding Dishwasher (Neptune FX14, White, 70° Hot Water Wash with Hygienic Steam Drying, Perfect for Indian Utensils)","₹37,990.00",IFB,https://amazon.in/IFB-Settings-Dishwasher-FX14-Crockery/dp/B0D7PWGS5S/ref=sr_1_18?crid=1K49P42QD14P0&dib=eyJ2IjoiMSJ9.jvAl-YOOvwHoSZ627HcisyrHYXubgDrFpw4YskJot83lr8wxX-Tj1yh5cdQgStR_9FTdzDVjPWqH7zGJiyF-pQv-M4VMo_NVJNe7JDvrBrUaRGbILy8bl7Fyw7mTB0f0hdWe61sEFX8uirQd4du6Gl8kYclTTPZWtLHwBZlabPToIeYBRqxswtZ3OsPLO4Cs823ADISsHcdFfEUdGA_yAjUhqorQQskRPqH3mzmcOZI.i4FP6apWuTUQDzbHGv9ePnmeeABNuTZsrL8RLEE5Ctw&dib_tag=se&keywords=dishwasher&qid=1753691659&sprefix=%2Caps%2C924&sr=8-18
Fortune Dishwasher Active Salt Powder- 1 kg (Pack of 2),₹200.00,Fortune,https://amazon.in/Fortune-Dishwasher-Salt-Compatible-Brands/dp/B01G0U6CO6/ref=sr_1_19?crid=1K49P42QD14P0&dib=eyJ2IjoiMSJ9.jvAl-YOOvwHoSZ627HcisyrHYXubgDrFpw4YskJot83lr8wxX-Tj1yh5cdQgStR_9FTdzDVjPWqH7zGJiyF-pQv-M4VMo_NVJNe7JDvrBrUaRGbILy8bl7Fyw7mTB0f0hdWe61sEFX8uirQd4du6Gl8kYclTTPZWtLHwBZlabPToIeYBRqxswtZ3OsPLO4Cs823ADISsHcdFfEUdGA_yAjUhqorQQskRPqH3mzmcOZI.i4FP6apWuTUQDzbHGv9ePnmeeABNuTZsrL8RLEE5Ctw&dib_tag=se&keywords=dishwasher&qid=1753691659&sprefix=%2Caps%2C924&sr=8-19
